Entry	Entry name	Gene names
P0AA91	YEAY_ECOLI	yeaY b1806 JW1795
P0AA16	OMPR_ECOLI	ompR kmt ompB b3405 JW3368
P64463	YDFZ_ECOLI	ydfZ b1541 JW1534
P26458	APPB_ECOLI	appB cbdB cyxB b0979 JW0961
P0ABD1	YEAV_ECOLI	yeaV b1801 JW5293
P0AF86	YJFY_ECOLI	yjfY b4199 JW4157
P33916	YEJF_ECOLI	yejF b2180 JW2168
P77398	ARNA_ECOLI	arnA pmrI yfbG b2255 JW2249
P0A749	MURA_ECOLI	murA murZ b3189 JW3156
P45756	GSPA_ECOLI	gspA yheD b3323 JW3285
P43531	YNFM_ECOLI	ynfM yzyC b1596 JW1588
P0A8D0	NRDR_ECOLI	nrdR ybaD b0413 JW0403
P0AA78	EXUT_ECOLI	exuT b3093 JW3064
P07014	SDHB_ECOLI	sdhB b0724 JW0714
P77562	YAIW_ECOLI	yaiW b0378 JW0369
P0A9N4	PFLA_ECOLI	pflA act b0902 JW0885
P09152	NARG_ECOLI	narG bisD narC b1224 JW1215
P0A825	GLYA_ECOLI	glyA b2551 JW2535
P76108	YDCS_ECOLI	ydcS b1440 JW1435
P0A7G6	RECA_ECOLI	recA lexB recH rnmB tif umuB zab b2699 JW2669
P0AGJ5	YFIF_ECOLI	yfiF b2581 JW2565
P0ADP0	YIGB_ECOLI	yigB b3812 JW3785
P39381	YJIJ_ECOLI	yjiJ b4332 JW4295
P38038	CYSJ_ECOLI	cysJ b2764 JW2734
P33224	AIDB_ECOLI	aidB b4187 JW5867
P0AEB0	CYSW_ECOLI	cysW b2423 JW2416
P68187	MALK_ECOLI	malK b4035 JW3995
P76219	YDJX_ECOLI	ydjX b1750 JW1739
P36929	RSMB_ECOLI	rsmB fmu/fmv rrmB sun yhdB b3289 JW3250
P07639	AROB_ECOLI	aroB b3389 JW3352
P75788	YBIR_ECOLI	ybiR b0818 JW0802
P0AA93	YPDA_ECOLI	ypdA b2380 JW5388
P68206	YJBJ_ECOLI	yjbJ b4045 JW4005
P24183	FDNG_ECOLI	fdnG b1474 JW1470
P75916	YCDZ_ECOLI	ycdZ b1036 JW5147
P77690	ARNB_ECOLI	arnB pmrH yfbE b2253 JW5372
P0AC26	NIRC_ECOLI	nirC b3367 JW3330
P0A712	KDGT_ECOLI	kdgT b3909 JW5560
P46130	YBHC_ECOLI	ybhC b0772 JW0755
P67143	YHGN_ECOLI	yhgN b3434 JW3397
P0AFD4	NUOH_ECOLI	nuoH b2282 JW2277
P0ABK2	CYDB_ECOLI	cydB cyd-2 b0734 JW0723
P24171	DCP_ECOLI	dcp b1538 JW1531
P32687	YJBF_ECOLI	yjbF b4027 JW5711
Q46836	PPPA_ECOLI	pppA yghH b2972 JW2939
P24193	HYPE_ECOLI	hypE b2730 JW2700
P06611	BTUD_ECOLI	btuD b1709 JW1699
P0A7E5	PYRG_ECOLI	pyrG b2780 JW2751
P29745	PEPT_ECOLI	pepT b1127 JW1113
P0ABU9	TOLQ_ECOLI	tolQ fii b0737 JW0727
P0A7D4	PURA_ECOLI	purA adeK b4177 JW4135
P0A9H7	CFA_ECOLI	cfa cdfA b1661 JW1653
P32720	ALSC_ECOLI	alsC yjcV b4086 JW4047
P31474	HSRA_ECOLI	hsrA yieO b3754 JW3733
P09391	GLPG_ECOLI	glpG b3424 JW5687
P0A9K9	SLYD_ECOLI	slyD b3349 JW3311
P14377	ZRAS_ECOLI	zraS hydH b4003 JW3967
P33607	NUOL_ECOLI	nuoL b2278 JW2273
P31126	YDEE_ECOLI	ydeE ydeF b1534 JW1527
P33225	TORA_ECOLI	torA b0997 JW0982
P11557	DAMX_ECOLI	damX yhfB b3388 JW3351
P0AC75	KDTA_ECOLI	waaA kdtA b3633 JW3608
P21165	PEPQ_ECOLI	pepQ b3847 JW3823
P33915	YEJE_ECOLI	yejE b2179 JW2167
P75818	YBJP_ECOLI	ybjP b0865 JW0849
Q46824	YGFX_ECOLI	ygfX cptA b2896 JW2864
P0AEJ4	ENVZ_ECOLI	envZ ompB perA tpo b3404 JW3367
P64564	YGGT_ECOLI	yggT b2952 JW2919
P0A9M0	LON_ECOLI	lon capR deg lopA muc b0439 JW0429
P52143	YPJA_ECOLI	ypjA b2647 JW5422
P39099	DEGQ_ECOLI	degQ hhoA b3234 JW3203
P0AFE8	NUOM_ECOLI	nuoM b2277 JW2272
P0AGI8	TRKA_ECOLI	trkA b3290 JW3251
P0ADC3	LOLC_ECOLI	lolC ycfU b1116 JW5161
P0AAB4	UBID_ECOLI	ubiD yigC yigY b3843 JW3819
P0A9X1	ZNUC_ECOLI	znuC yebM b1858 JW1847
P06282	CDH_ECOLI	cdh b3918 JW3889
P0AGE9	SUCD_ECOLI	sucD b0729 JW0718
P39265	ALSB_ECOLI	alsB yjcX b4088 JW4049
P31553	CAIT_ECOLI	caiT yaaP b0040 JW0039
P63204	GADE_ECOLI	gadE yhiE yhiT b3512 JW3480
P0AD70	AMPH_ECOLI	ampH yaiH b0376 JW5052
P04949	FLIC_ECOLI	fliC flaF hag b1923 JW1908
P06996	OMPC_ECOLI	ompC meoA par b2215 JW2203
P21156	CYSD_ECOLI	cysD b2752 JW2722
P32703	YJCE_ECOLI	yjcE b4065 JW4026
P0C0V0	DEGP_ECOLI	degP htrA ptd b0161 JW0157
P31437	YICL_ECOLI	yicL b3660 JW3634
P39177	USPG_ECOLI	uspG ybdQ yzzU b0607 JW0600
P11349	NARH_ECOLI	narH b1225 JW1216
P0AFK9	POTD_ECOLI	potD b1123 JW1109
P31435	YICJ_ECOLI	yicJ b3657 JW5939
P07762	GLGB_ECOLI	glgB b3432 JW3395
P69776	LPP_ECOLI	lpp mlpA mulI b1677 JW1667
P0A6V8	GLK_ECOLI	glk b2388 JW2385
P33361	YEHY_ECOLI	yehY b2130 JW2118
P13445	RPOS_ECOLI	rpoS appR katF nur otsX sigS b2741 JW5437
P32709	NRFD_ECOLI	nrfD yjcK b4073 JW4034
P31433	YICH_ECOLI	yicH b3655 JW3630
P77747	OMPN_ECOLI	ompN ynaG b1377 JW1371
P32166	MENA_ECOLI	menA yiiW b3930 JW3901
P0AD30	YFCA_ECOLI	yfcA b2327 JW2324
P24215	UXUA_ECOLI	uxuA b4322 JW4285
P36928	YEGD_ECOLI	yegD b2069 JW2054
P0ABL1	NRFB_ECOLI	nrfB yjcI b4071 JW4032
P0DTT0	BIPA_ECOLI	bipA o591 typA yihK b3871 JW5571
P0AFF4	NUPG_ECOLI	nupG b2964 JW2932
P16456	SELD_ECOLI	selD fdhB b1764 JW1753
P00811	AMPC_ECOLI	ampC ampA b4150 JW4111
P77737	OPPF_ECOLI	oppF b1247 JW1239
P77804	YDGA_ECOLI	ydgA b1614 JW1606
P10908	UGPQ_ECOLI	ugpQ b3449 JW3414
P37642	YHJD_ECOLI	yhjD b3522 JW3490
P10441	LPXB_ECOLI	lpxB pgsB b0182 JW0177
P0AF54	YJCH_ECOLI	yjcH b4068 JW4029
P0AFN6	YADH_ECOLI	yadH b0128 JW0124
P39301	ULAA_ECOLI	ulaA sgaT yjfS b4193 JW5744
P0A7G2	RBFA_ECOLI	rbfA P15B yhbB b3167 JW3136
P07003	POXB_ECOLI	poxB b0871 JW0855
P0ABP6	DEDA_ECOLI	dedA b2317 JW2314
P19319	NARZ_ECOLI	narZ b1468 JW1463
P0A715	KDSA_ECOLI	kdsA b1215 JW1206
P0A9A9	FUR_ECOLI	fur b0683 JW0669
P0AFP9	YBHR_ECOLI	ybhR b0792 JW5803
P0AFM4	PSIF_ECOLI	psiF b0384 JW5054
P03959	KDPA_ECOLI	kdpA b0698 JW0686
P37685	ALDB_ECOLI	aldB yiaX b3588 JW3561
P25907	YDBD_ECOLI	ydbD b1407 JW5221
Q46841	YGHQ_ECOLI	yghQ b2983 JW5490
P45761	GSPJ_ECOLI	gspJ yheI b3331 JW3293
P77315	YPHD_ECOLI	yphD b2546 JW2530
P0ACL9	PDHR_ECOLI	pdhR aceC genA yacB b0113 JW0109
P0AEN1	FRE_ECOLI	fre fadI flrD fsrC ubiB b3844 JW3820
P0A8W5	YQGE_ECOLI	yqgE b2948 JW2915
P30958	MFD_ECOLI	mfd b1114 JW1100
P39352	YJHB_ECOLI	yjhB b4279 JW5768
Q46831	YQGA_ECOLI	yqgA b2966 JW2934
P08189	FIMF_ECOLI	fimF b4318 JW4281
P30860	ARTJ_ECOLI	artJ b0860 JW0844
P00934	THRC_ECOLI	thrC b0004 JW0003
P75799	GSID_ECOLI	gsiD yliD b0832 JW0816
P0ADX7	YHHA_ECOLI	yhhA b3448 JW3413
P0AE01	TRMJ_ECOLI	trmJ yfhQ b2532 JW2516
P0A9U1	YBHF_ECOLI	ybhF b0794 JW5104
P0AFP4	YBBO_ECOLI	ybbO b0493 JW0482
P17443	MURG_ECOLI	murG b0090 JW0088
P32176	FDOG_ECOLI	fdoG b3894 JW3865
P0AF20	NAGC_ECOLI	nagC nagR b0676 JW0662
P0AFR4	YCIO_ECOLI	yciO b1267 JW5196
P33011	YEEA_ECOLI	yeeA b2008 JW1990
P76397	MDTA_ECOLI	mdtA yegM b2074 JW5338
P09127	HEMX_ECOLI	hemX b3803 JW3775
P0AE85	CPXP_ECOLI	cpxP yiiO b4484 JW5558
P0AA39	RLUC_ECOLI	rluC yceC b1086 JW1072
P00363	FRDA_ECOLI	frdA b4154 JW4115
P0A6Y1	IHFB_ECOLI	ihfB himD hip b0912 JW0895
P0AAD6	SDAC_ECOLI	sdaC dcrA b2796 JW2767
P55734	YGAP_ECOLI	ygaP b2668 JW2643
P69411	RCSF_ECOLI	rcsF b0196 JW0192
P76503	FADI_ECOLI	fadI yfcY b2342 JW2339
P39831	YDFG_ECOLI	ydfG b1539 JW1532
P39196	LPLT_ECOLI	lplT ygeD b2835 JW2803
Q46857	DKGA_ECOLI	dkgA yqhE b3012 JW5499
P0AC38	ASPA_ECOLI	aspA b4139 JW4099
P0AEJ0	EMRB_ECOLI	emrB b2686 JW2661
P77306	YQIK_ECOLI	yqiK b3051 JW3023
P41052	MLTB_ECOLI	mltB b2701 JW2671
P32137	YIHP_ECOLI	yihP b3877 JW3848
P77549	YFCJ_ECOLI	yfcJ b2322 JW2319
P0A910	OMPA_ECOLI	ompA con tolG tut b0957 JW0940
P32051	YDEK_ECOLI	ydeK orfT b1510 JW1503
P08369	CRED_ECOLI	creD cet b4400 JW4363
P76103	YDCO_ECOLI	ydcO b1433 JW5229
P0C8J6	GATY_ECOLI	gatY yegF b2096 JW5343
P37387	XYLF_ECOLI	xylF xylT b3566 JW3538
P0ABB4	ATPB_ECOLI	atpD papB uncD b3732 JW3710
P31826	YDDA_ECOLI	yddA b1496 JW5242
P75957	LOLD_ECOLI	lolD ycfV b1117 JW5162
P25742	RFAQ_ECOLI	rfaQ waaQ b3632 JW3607
P0A8B5	YBAB_ECOLI	ybaB b0471 JW0460
P0ABL3	NAPB_ECOLI	napB yejY b2203 JW5367
P0AF06	MOTB_ECOLI	motB b1889 JW1878
P68183	MALG_ECOLI	malG b4032 JW3992
P0AAZ4	RARA_ECOLI	rarA mgsA ycaJ b0892 JW0875
P03960	KDPB_ECOLI	kdpB b0697 JW0685
P65294	YGDR_ECOLI	ygdR b2833 JW2801
P76235	YEAH_ECOLI	yeaH b1784 JW1773
P31827	YDDB_ECOLI	yddB b1495 JW1490
P0ADG4	SUHB_ECOLI	suhB ssyA b2533 JW2517
P08331	CPDB_ECOLI	cpdB b4213 JW4171
P0AEJ2	ENTC_ECOLI	entC b0593 JW0585
P23871	HEMH_ECOLI	hemH popA visA b0475 JW0464
P28903	NRDD_ECOLI	nrdD b4238 JW4197
P0A996	GLPC_ECOLI	glpC b2243 JW2237
P76173	YNFH_ECOLI	ynfH b1590 JW5261
P37047	CDAR_ECOLI	cdaR sdaR yaeG b0162 JW5013
P25553	ALDA_ECOLI	aldA ald b1415 JW1412
P77519	YDDL_ECOLI	yddL b1472 JW1468
P76425	RCNA_ECOLI	rcnA yohM b2106 JW2093
P0AGI4	XYLH_ECOLI	xylH b3568 JW3540
P62768	YAEH_ECOLI	yaeH b0163 JW0159
P0A796	PFKA_ECOLI	pfkA b3916 JW3887
P0ABM1	CCMC_ECOLI	ccmC yejT yejU b2199 JW2187
P33934	NAPH_ECOLI	napH yejZ b2204 JW2192
P77348	MPPA_ECOLI	mppA ynaH b1329 JW1322
P25526	GABD_ECOLI	gabD b2661 JW2636
P60955	LGT_ECOLI	lgt umpA b2828 JW2796
P0A734	MINE_ECOLI	minE b1174 JW1163
P0ADN6	YIFL_ECOLI	yifL b4558 JW3781
P30130	FIMD_ECOLI	fimD b4317 JW5780
P75747	ABRB_ECOLI	abrB ybgN b0715 JW5097 ECK0704
P0AA57	YOBA_ECOLI	yobA b1841 JW1830
P17854	CYSH_ECOLI	cysH b2762 JW2732
P25747	YEIB_ECOLI	yeiB b2152 JW2139
P76269	YEBQ_ECOLI	yebQ b1828 JW5299
P0AB67	PNTB_ECOLI	pntB b1602 JW1594
P0AC33	FUMA_ECOLI	fumA b1612 JW1604
P0A756	KEFG_ECOLI	kefG yheR b3351 JW3314
P77445	EUTE_ECOLI	eutE yffX b2455 JW2439
P0A879	TRPB_ECOLI	trpB b1261 JW1253
P0A8X2	YCEI_ECOLI	yceI b1056 JW1043
P77775	YFCH_ECOLI	yfcH b2304 JW2301
P0ADQ7	YGAM_ECOLI	ygaM b2672 JW2647
P0A867	TALA_ECOLI	talA b2464 JW2448
P33937	NAPA_ECOLI	napA yojC yojD yojE b2206 JW2194
P75961	YCFZ_ECOLI	ycfZ b1121 JW1107
P39834	YGIL_ECOLI	ygiL b3043 JW3011
P18392	RSTB_ECOLI	rstB uspT b1609 JW1601
P76501	YFCR_ECOLI	yfcR b2335 JW2332
P0AFR0	RSSA_ECOLI	rssA ychK b1234 JW1222
P09546	PUTA_ECOLI	putA poaA b1014 JW0999
P64581	YQJD_ECOLI	yqjD b3098 JW3069
P0AC94	GNTP_ECOLI	gntP yjiB b4321 JW4284
P37095	PEPB_ECOLI	pepB yfhI b2523 JW2507
P23843	OPPA_ECOLI	oppA b1243 JW1235
P46141	YGBE_ECOLI	ygbE b2749 JW2719
P37197	YHJA_ECOLI	yhjA b3518 JW3486
P64451	YDCL_ECOLI	ydcL b1431 JW1427
P0AD05	YECA_ECOLI	yecA b1908 JW1896
P34209	YDCF_ECOLI	ydcF b1414 JW1411
P0A862	TPX_ECOLI	tpx yzzJ b1324 JW1317
P37665	YIAD_ECOLI	yiaD b3552 JW5657
P0ABS1	DKSA_ECOLI	dksA b0145 JW0141
P0A6S5	FTSB_ECOLI	ftsB ygbQ b2748 JW2718
P0AFA2	NARX_ECOLI	narX narR b1222 JW1213
P0ABJ1	CYOA_ECOLI	cyoA b0432 JW0422
P60785	LEPA_ECOLI	lepA b2569 JW2553
P40719	QSEC_ECOLI	qseC ygiY b3026 JW2994
P77610	ANSP_ECOLI	ansP yncF b1453 JW5234
P42598	YGJQ_ECOLI	ygjQ b3086 JW3057
P77858	HYFC_ECOLI	hyfC b2483 JW2468
P0C0L2	OSMC_ECOLI	osmC b1482 JW1477
P43676	PITB_ECOLI	pitB b2987 JW2955
P0ABH9	CLPA_ECOLI	clpA lopD b0882 JW0866
P71238	WCAD_ECOLI	wcaD b2056 JW2041
P37624	RBBA_ECOLI	rbbA yhiG yhiH b3486 JW5676
P0AFE4	NUOK_ECOLI	nuoK b2279 JW2274
P0AF70	YJEI_ECOLI	yjeI b4144 JW5736
P0AFG0	NUSG_ECOLI	nusG b3982 JW3945
P0ACJ0	LRP_ECOLI	lrp alsB ihb livR oppI b0889 JW0872
P0AC47	FRDB_ECOLI	frdB b4153 JW4114
P0A9S3	GATD_ECOLI	gatD b2091 JW2075
P0AGA2	SECY_ECOLI	secY prlA b3300 JW3262
P36879	YADG_ECOLI	yadG b0127 JW0123
P76115	YNCD_ECOLI	yncD b1451 JW1446
P06136	FTSQ_ECOLI	ftsQ b0093 JW0091
P0AG30	RHO_ECOLI	rho nitA psuA rnsC sbaA tsu b3783 JW3756
P28246	BCR_ECOLI	bcr bicA bicR sur suxA b2182 JW5363
P75829	YBJX_ECOLI	ybjX b0877 JW0861
P16678	PHNK_ECOLI	phnK b4097 JW5727
P10906	UGPE_ECOLI	ugpE b3451 JW3416
P37637	MDTF_ECOLI	mdtF yhiV b3514 JW3482
P37692	RFAF_ECOLI	rfaF waaF b3620 JW3595
P64588	YQJI_ECOLI	yqjI b3071 JW3042
P77354	YAFU_ECOLI	yafU b0218 JW0207
P0C066	MLTC_ECOLI	mltC yggZ b2963 JW5481
P0A855	TOLB_ECOLI	tolB b0740 JW5100
P39835	GNTT_ECOLI	gntT gntM usgA yhgC b3415 JW5690
P0AD99	BRNQ_ECOLI	brnQ b0401 JW0391
P0AE12	AMN_ECOLI	amn b1982 JW1963
P45562	XAPB_ECOLI	xapB b2406 JW2397
P0AF80	YJFL_ECOLI	yjfL b4184 JW4142
P0AEH5	ELAB_ECOLI	elaB yfbD b2266 JW2261
Q47537	TAUA_ECOLI	tauA ssiA yaiR b0365 JW0357
P18843	NADE_ECOLI	nadE efg ntrL b1740 JW1729
P09549	DEDD_ECOLI	dedD b2314 JW5378
P0C0T5	MEPA_ECOLI	mepA b2328 JW2325
P0AEQ6	GLNP_ECOLI	glnP b0810 JW0795
P45578	LUXS_ECOLI	luxS ygaG b2687 JW2662
P0AER3	GLTJ_ECOLI	gltJ b0654 JW0649
P28635	METQ_ECOLI	metQ yaeC b0197 JW0193
P19636	EUTC_ECOLI	eutC b2440 JW2433
P77301	YBAP_ECOLI	ybaP b0482 JW0471
P07102	PPA_ECOLI	appA b0980 JW0963
P76175	CLCB_ECOLI	clcB mriT ynfJ b1592 JW5263
P31663	PANC_ECOLI	panC b0133 JW0129
P23865	PRC_ECOLI	prc tsp b1830 JW1819
P0AEG6	DSBC_ECOLI	dsbC xprA b2893 JW2861
P0ABU0	MENB_ECOLI	menB b2262 JW2257
P40710	NLPE_ECOLI	nlpE cutF b0192 JW0188
P30143	YAAJ_ECOLI	yaaJ b0007 JW0006
P23930	LNT_ECOLI	lnt cutE b0657 JW0654
P12758	UDP_ECOLI	udp b3831 JW3808
P0A6R0	FABH_ECOLI	fabH b1091 JW1077
P77444	SUFS_ECOLI	sufS csdB ynhB b1680 JW1670
P38055	YDJE_ECOLI	ydjE b1769 JW1758
P08506	DACC_ECOLI	dacC b0839 JW0823
P13035	GLPD_ECOLI	glpD glyD b3426 JW3389
P77552	YDHQ_ECOLI	ydhQ b1664 JW1656
P67244	YQHA_ECOLI	yqhA b3002 JW2971
P21513	RNE_ECOLI	rne ams hmp1 b1084 JW1071
P23845	CYSN_ECOLI	cysN b2751 JW2721
P0ADI4	ENTB_ECOLI	entB entG b0595 JW0587
P77335	HLYE_ECOLI	hlyE clyA hpr sheA ycgD b1182 JW5181
P37443	YCAI_ECOLI	ycaI b0913 JW5120
P25737	LYSP_ECOLI	lysP cadR b2156 JW2143
Q59385	COPA_ECOLI	copA atcU f834 ybaR b0484 JW0473
P0A8J8	RHLB_ECOLI	rhlB mmrA b3780 JW3753
P23877	FEPG_ECOLI	fepG b0589 JW0581
P63284	CLPB_ECOLI	clpB htpM b2592 JW2573
P39377	IADA_ECOLI	iadA yjiF b4328 JW4291
P0ABS5	DNAG_ECOLI	dnaG dnaP parB b3066 JW3038
P21367	YCAC_ECOLI	ycaC b0897 JW0880
P76116	YNCE_ECOLI	yncE b1452 JW1447
P0ACY1	YDJA_ECOLI	ydjA b1765 JW1754
P45577	PROQ_ECOLI	proQ yebJ yobE yoeC b1831 JW5300
P36678	GSPM_ECOLI	gspM hopZ pshM b3334 JW5704
P71241	WCAJ_ECOLI	wcaJ b2047 JW2032
P17993	UBIG_ECOLI	ubiG pufX yfaB b2232 JW2226
P0AFD6	NUOI_ECOLI	nuoI b2281 JW2276
P37653	BCSA_ECOLI	bcsA yhjO yhjP b3533 JW5665
P52138	YFJW_ECOLI	yfjW b2642 JW2623
P0AET2	HDEB_ECOLI	hdeB yhhD yhiC b3509 JW5669
P0AB93	ARSB_ECOLI	arsB arsF b3502 JW3469
P24180	ACRE_ECOLI	acrE envC b3265 JW3233
P27896	NARQ_ECOLI	narQ b2469 JW2453
P02916	MALF_ECOLI	malF b4033 JW3993
P0A887	UBIE_ECOLI	ubiE yigO b3833 JW5581
P0ABZ6	SURA_ECOLI	surA b0053 JW0052
P0AG24	SPOT_ECOLI	spoT b3650 JW3625
P16700	CYSP_ECOLI	cysP b2425 JW2418
P18775	DMSA_ECOLI	dmsA b0894 JW5118
P69212	MDTJ_ECOLI	mdtJ ydgF b1600 JW1592
P54745	MNGA_ECOLI	mngA hrsA b0731 JW0720
P0A8W0	NANR_ECOLI	nanR yhcK b3226 JW3195
P0AFA9	NIKC_ECOLI	nikC b3478 JW3443
P0A9C9	GLPX_ECOLI	glpX b3925 JW3896
P23836	PHOP_ECOLI	phoP b1130 JW1116
P0AFC7	NUOB_ECOLI	nuoB b2287 JW5875
P31600	NFRA_ECOLI	nfrA b0568 JW0557
P0AGC3	SLT_ECOLI	slt sltY b4392 JW4355
P27844	RARD_ECOLI	rarD b3819 JW5589
P77735	YAJO_ECOLI	yajO b0419 JW0409
P0AFK2	PNUC_ECOLI	pnuC b0751 JW0734
P63340	YQEG_ECOLI	yqeG b2845 JW2813
P0AFZ7	TRKH_ECOLI	trkH b3849 JW5576
P04079	GUAA_ECOLI	guaA b2507 JW2491
P62723	YEIH_ECOLI	yeiH b2158 JW2145
P77717	YBAY_ECOLI	ybaY b0453 JW0443
P77756	QUEC_ECOLI	queC ybaX b0444 JW0434
P0ABH0	FTSA_ECOLI	ftsA divA b0094 JW0092
P39176	ERFK_ECOLI	erfK yeeG yzzT b1990 JW1968
P0AER0	GLPF_ECOLI	glpF b3927 JW3898
P0AAI9	FABD_ECOLI	fabD tfpA b1092 JW1078
P39830	YBAL_ECOLI	ybaL ylaA b0478 JW0467
P09831	GLTB_ECOLI	gltB aspB b3212 JW3179
P0AAK7	NRFC_ECOLI	nrfC yjcJ b4072 JW4033
P0AD27	YEJM_ECOLI	yejM yejN b2188 JW2176
P0A7B5	PROB_ECOLI	proB b0242 JW0232
P0CE44	UIDB_ECOLI	uidB gusB uidP b1616 JW1608
P0A927	TSX_ECOLI	tsx nupA b0411 JW0401
P09832	GLTD_ECOLI	gltD aspB b3213 JW3180
P38134	ETK_ECOLI	etk yccC b0981 JW0964
P09836	UHPC_ECOLI	uhpC b3667 JW3642
P0AAV6	YBGS_ECOLI	ybgS b0753 JW0736
P15028	FECB_ECOLI	fecB b4290 JW4250
P75780	FIU_ECOLI	fiu ybiL b0805 JW0790
P28904	TREC_ECOLI	treC olgH b4239 JW4198
P77538	YFHR_ECOLI	yfhR b2534 JW2518
P37028	BTUF_ECOLI	btuF yadT b0158 JW0154
P0A9H1	MUG_ECOLI	mug ygjF b3068 JW3040
P76027	OPPD_ECOLI	oppD b1246 JW1238
P0A6A0	UBIB_ECOLI	ubiB aarF yigQ yigR yigS b3835 JW3812
P33940	MQO_ECOLI	mqo yojH b2210 JW2198
P00968	CARB_ECOLI	carB pyrA b0033 JW0031
P37669	WECH_ECOLI	wecH yiaH b3561 JW3533
P0A8T7	RPOC_ECOLI	rpoC tabB b3988 JW3951
P27125	RHAT_ECOLI	rhaT b3907 JW3878
P76577	PBPC_ECOLI	pbpC yfgN b2519 JW2503
P0A8V6	FADR_ECOLI	fadR oleR thdB b1187 JW1176
P07821	FHUC_ECOLI	fhuC b0151 JW0147
P0A9D8	DAPD_ECOLI	dapD b0166 JW0161
P45468	YRAQ_ECOLI	yraQ b3151 JW3120
P21499	RNR_ECOLI	rnr vacB yjeC b4179 JW5741
Q46798	YGER_ECOLI	ygeR b2865 JW2833
P0AAT4	YBDG_ECOLI	ybdG mscM b0577 JW0566
P0A6J3	CYSZ_ECOLI	cysZ b2413 JW2406
P76142	LSRB_ECOLI	lsrB yneA b1516 JW1509
P37621	YHHS_ECOLI	yhhS b3473 JW5945
P0AAF3	ARAG_ECOLI	araG b1900 JW1888
P0AAX8	YBIS_ECOLI	ybiS b0819 JW0803
P0AE30	ARTM_ECOLI	artM b0861 JW0845
P0A817	METK_ECOLI	metK metX b2942 JW2909
P77783	YNFF_ECOLI	ynfF b1588 JW5260
P0AAS3	YBBJ_ECOLI	ybbJ b0488 JW5065
P0A8U6	METJ_ECOLI	metJ b3938 JW3909
P32664	NUDC_ECOLI	nudC yjaD b3996 JW5548
P0AFY8	SEQA_ECOLI	seqA b0687 JW0674
P61320	LOLB_ECOLI	lolB hemM ychC b1209 JW1200
P33013	DACD_ECOLI	dacD phsE yeeC b2010 JW5329
P06993	MALT_ECOLI	malT malA b3418 JW3381
P0A9P6	DEAD_ECOLI	deaD csdA mssB rhlD b3162 JW5531
P0ADK0	YIAF_ECOLI	yiaF b3554 JW5655
P0AEP1	GALP_ECOLI	galP b2943 JW2910
P39382	YJIK_ECOLI	yjiK b4333 JW5869
P0ADA5	YAJG_ECOLI	yajG b0434 JW0424
P0AAD4	TYRP_ECOLI	tyrP b1907 JW1895
P0ADF6	EDD_ECOLI	edd b1851 JW1840
P0ABU7	EXBB_ECOLI	exbB b3006 JW2974
P0AFF2	NUPC_ECOLI	nupC cru b2393 JW2389
P0AAI3	FTSH_ECOLI	ftsH hflB mrsC std tolZ b3178 JW3145
P0ADD2	YJJB_ECOLI	yjjB b4363 JW4327
P0A6F1	CARA_ECOLI	carA pyrA b0032 JW0030
P27842	YIGF_ECOLI	yigF b3817 JW3790
P77211	CUSC_ECOLI	cusC ibeB ylcB b0572 JW0561
P42603	YGJV_ECOLI	ygjV b3090 JW3061
P31680	DJLA_ECOLI	djlA yabH b0055 JW0054
P75683	YAGG_ECOLI	yagG b0270 JW0263
P0AA80	GARP_ECOLI	garP yhaU b3127 JW3096
P23367	MUTL_ECOLI	mutL b4170 JW4128
P17315	CIRA_ECOLI	cirA cir feuA b2155 JW2142
P75804	YLII_ECOLI	yliI b0837 JW0821
P76473	ARNT_ECOLI	arnT pmrK yfbI b2257 JW2251
P0ADY1	PPID_ECOLI	ppiD ybaU b0441 JW0431
P31130	YDEI_ECOLI	ydeI b1536 JW1529
P0A6Y5	HSLO_ECOLI	hslO yrfI b3401 JW5692
P0ACL2	EXUR_ECOLI	exuR b3094 JW3065
P0A6L2	DAPA_ECOLI	dapA b2478 JW2463
P13738	NHAA_ECOLI	nhaA ant b0019 JW0018
P45524	YHET_ECOLI	yheT b3353 JW3316
P12008	AROC_ECOLI	aroC b2329 JW2326
P24077	ENTS_ECOLI	entS ybdA b0591 JW0583
P0ABU2	YCHF_ECOLI	ychF engD gtp1 b1203 JW1194
P31658	HCHA_ECOLI	hchA yedU yzzC b1967 JW1950
P16869	FHUE_ECOLI	fhuE b1102 JW1088
P0A9Q1	ARCA_ECOLI	arcA cpxC dye fexA msp seg sfrA b4401 JW4364
P76398	MDTB_ECOLI	mdtB yegN b2075 JW2060
P0AAG8	MGLA_ECOLI	mglA b2149 JW2136
P15288	PEPD_ECOLI	pepD pepH b0237 JW0227
P0ADT2	YGIB_ECOLI	ygiB b3037 JW5927
P31436	SETC_ECOLI	setC yicK b3659 JW3633
P0AG96	SECE_ECOLI	secE prlG b3981 JW3944
P0ADV1	LPTA_ECOLI	lptA yhbN b3200 JW3167
P0AFD1	NUOE_ECOLI	nuoE b2285 JW2280
P39385	YJIN_ECOLI	yjiN b4336 JW4299
P22525	YCBB_ECOLI	ycbB b0925 JW0908
P0ABV6	TOLR_ECOLI	tolR b0738 JW0728
P0AFF0	NUON_ECOLI	nuoN b2276 JW2271
P0ABA0	ATPF_ECOLI	atpF papF uncF b3736 JW3714
P16926	MREC_ECOLI	mreC b3250 JW3219
P0AFU2	YFBS_ECOLI	yfbS b2292 JW2289
P33026	SETB_ECOLI	setB yeiO b2170 JW2157
P0AGF4	XYLE_ECOLI	xylE b4031 JW3991
P39172	ZNUA_ECOLI	znuA yebL yzzP b1857 JW5831
P30745	MOAA_ECOLI	moaA bisA chlA chlA1 narA b0781 JW0764
P0AD59	IVY_ECOLI	ivy ykfE b0220 JW0210
P23200	MGLC_ECOLI	mglC b2148 JW2135
P0A930	WZA_ECOLI	wza b2062 JW2047
P69380	FIEF_ECOLI	fieF yiiP b3915 JW3886
P24228	DACB_ECOLI	dacB b3182 JW3149
P77754	SPY_ECOLI	spy b1743 JW1732
P0A7Y8	RNPA_ECOLI	rnpA b3704 JW3681
P0ADZ7	YAJC_ECOLI	yajC b0407 JW0397
P0A6H5	HSLU_ECOLI	hslU htpI b3931 JW3902
P0ADW3	YHCB_ECOLI	yhcB b3233 JW5539
P77199	YAIT_ECOLI	yaiT b4580 JW0362/JW5051 b0371 b0374
P23869	PPIB_ECOLI	ppiB b0525 JW0514
P0A7Z4	RPOA_ECOLI	rpoA pez phs sez b3295 JW3257
P45767	YHDX_ECOLI	yhdX b3269 JW5544
P25534	UBIH_ECOLI	ubiH visB b2907 JW2875
P13029	KATG_ECOLI	katG b3942 JW3914
P32714	MDTP_ECOLI	mdtP yjcP b4080 JW4041
P0A7Z0	RPIA_ECOLI	rpiA ygfC b2914 JW5475
P64493	YOAF_ECOLI	yoaF b1793 JW1782
P77156	YDCU_ECOLI	ydcU b1442 JW1437
P0A6S0	FLGH_ECOLI	flgH fla FVIII flaY b1079 JW5153
P27837	YIFK_ECOLI	yifK b3795 JW5595
P0ADU5	YGIW_ECOLI	ygiW b3024 JW2992
P22523	MUKB_ECOLI	mukB b0924 JW0907
P0AEB2	DACA_ECOLI	dacA pfv b0632 JW0627
P76552	EUTH_ECOLI	eutH yffU b2452 JW2436
P15038	HELD_ECOLI	helD b0962 JW0945
P09551	ARGT_ECOLI	argT b2310 JW2307
P0A6L0	DEOC_ECOLI	deoC dra thyR b4381 JW4344
P0ABT8	YIJE_ECOLI	yijE b3943 JW5557
P76177	YDGH_ECOLI	ydgH b1604 JW1596
P76093	YNBD_ECOLI	ynbD b1411 JW1408
P0A9R7	FTSE_ECOLI	ftsE b3463 JW3428
P77239	CUSB_ECOLI	cusB ylcD b0574 JW0563
P31547	METI_ECOLI	metI yaeE b0198 JW0194
P76206	YDIY_ECOLI	ydiY b1722 JW1711
P0AAJ8	HYBA_ECOLI	hybA b2996 JW2964
P0ACA3	SSPA_ECOLI	sspA pog ssp b3229 JW3198
P0AG14	SOHB_ECOLI	sohB b1272 JW1264
P33030	YEIR_ECOLI	yeiR b2173 JW2161
P37325	YBCH_ECOLI	ybcH b0567 JW0556
P0AAJ5	FDOH_ECOLI	fdoH b3893 JW3864
P0AE08	AHPC_ECOLI	ahpC b0605 JW0598
P29131	FTSN_ECOLI	ftsN msgA b3933 JW3904
P0ABB0	ATPA_ECOLI	atpA papA uncA b3734 JW3712
P0A9V1	LPTB_ECOLI	lptB yhbG b3201 JW3168
P0AC41	SDHA_ECOLI	sdhA b0723 JW0713
P0AGE4	SSTT_ECOLI	sstT ygjU b3089 JW3060
P0ACB4	HEMG_ECOLI	hemG yihB b3850 JW3827
P24205	LPXM_ECOLI	lpxM msbB b1855 JW1844
P62707	GPMA_ECOLI	gpmA gpm pgm pgmA b0755 JW0738
P09169	OMPT_ECOLI	ompT b0565 JW0554
P46133	ABGT_ECOLI	abgT ydaH b1336 JW5822 ECK1332
P36659	CBPA_ECOLI	cbpA b1000 JW0985
P75823	LTAE_ECOLI	ltaE ybjU b0870 JW0854
P0AED0	USPA_ECOLI	uspA b3495 JW3462
P0ACG1	STPA_ECOLI	stpA hnsB b2669 JW2644
P21865	KDPD_ECOLI	kdpD b0695 JW0683
P77339	YAFT_ECOLI	yafT b0217 JW0206
P0AFS7	YDIK_ECOLI	ydiK b1688 JW1678
P0A9C0	GLPA_ECOLI	glpA b2241 JW2235
P0AEX3	KGTP_ECOLI	kgtP witA b2587 JW2571
P77716	YCJP_ECOLI	ycjP b1312 JW1305
P37617	ZNTA_ECOLI	zntA yhhO b3469 JW3434
P23305	YIGA_ECOLI	yigA b3810 JW3783
P46837	YHGF_ECOLI	yhgF b3407 JW3370
P0AF28	NARL_ECOLI	narL frdR b1221 JW1212
P0A935	MLTA_ECOLI	mltA mlt ygdM b2813 JW2784
P0A6Q3	FABA_ECOLI	fabA b0954 JW0937
P0A9C3	GALM_ECOLI	galM b0756 JW0739
P39836	YFEH_ECOLI	yfeH b2410 JW5876
P0AFZ3	SSPB_ECOLI	sspB b3228 JW3197
P0AFY2	SANA_ECOLI	sanA yeiF b2144 JW2132
P37194	SLP_ECOLI	slp b3506 JW3474
P0AAC0	USPE_ECOLI	uspE ydaA b1333 JW1327
P0AEZ9	MOAB_ECOLI	moaB chlA2 b0782 JW0765
P23910	ARAJ_ECOLI	araJ b0396 JW0386
P39187	YTFJ_ECOLI	ytfJ b4216 JW4175
P24207	PHEP_ECOLI	pheP b0576 JW0565
P10905	UGPA_ECOLI	ugpA b3452 JW3417
P0AB85	APBE_ECOLI	apbE yojK yojL b2214 JW5368
P0AA76	DGOT_ECOLI	dgoT yidT b3691 JW5859
P0AE22	APHA_ECOLI	aphA napA yjbP b4055 JW4015
P77171	YDCI_ECOLI	ydcI b1422 JW5226
P0A9K7	PHOU_ECOLI	phoU nmpA b3724 JW3702
P0ABI4	CORA_ECOLI	corA b3816 JW3789
P0AAI1	SSUB_ECOLI	ssuB ycbE b0933 JW0916
P0A853	TNAA_ECOLI	tnaA ind b3708 JW3686
P27128	RFAI_ECOLI	rfaI waaI b3627 JW3602
P76576	YFGM_ECOLI	yfgM b2513 JW2497
P0AGH8	PSTC_ECOLI	pstC phoW b3727 JW3705
P0A8S5	USPB_ECOLI	uspB yhiO b3494 JW3461
P00963	ASNA_ECOLI	asnA b3744 JW3722
P0AG80	UGPB_ECOLI	ugpB b3453 JW3418
P10384	FADL_ECOLI	fadL ttr b2344 JW2341
P0AFM9	PSPB_ECOLI	pspB b1305 JW1298
P03004	DNAA_ECOLI	dnaA b3702 JW3679
P0AGM7	URAA_ECOLI	uraA b2497 JW2482
P0A8F0	UPP_ECOLI	upp uraP b2498 JW2483
P0AB77	KBL_ECOLI	kbl b3617 JW3592
P25516	ACNA_ECOLI	acnA acn b1276 JW1268
P0A8H3	ZUPT_ECOLI	zupT ygiE b3040 JW3008
P00926	SDHD_ECOLI	dsdA b2366 JW2363
P45522	KEFB_ECOLI	kefB trkB b3350 JW3313
P30177	YBIB_ECOLI	ybiB b0800 JW0785
P0AAF6	ARTP_ECOLI	artP b0864 JW0848
P76220	YDJY_ECOLI	ydjY b1751 JW5283
P16682	PHND_ECOLI	phnD psiD b4105 JW4066
P38052	SFMF_ECOLI	sfmF ybcG b0534 JW5072
P0AC23	FOCA_ECOLI	focA ycaE b0904 JW0887
P31801	CHAA_ECOLI	chaA b1216 JW1207
P63417	YHBS_ECOLI	yhbS b3156 JW3125
P76389	YEGH_ECOLI	yegH b2063 JW5336
P0AEU0	HISJ_ECOLI	hisJ b2309 JW2306
P76460	ATOE_ECOLI	atoE b2223 JW2217
P0ACP5	GNTR_ECOLI	gntR b3438 JW5946
P0AAN9	IRAP_ECOLI	iraP yaiB b0382 JW0373
P0ABH4	MRED_ECOLI	mreD b3249 JW3218
P39325	YTFQ_ECOLI	ytfQ b4227 JW4186
P0A6G7	CLPP_ECOLI	clpP lopP b0437 JW0427
P0A9U3	YBIT_ECOLI	ybiT b0820 JW0804
P0AFK0	PMBA_ECOLI	pmbA tldE b4235 JW4194
P77475	YQAB_ECOLI	yqaB b2690 JW2665
P36554	MDTD_ECOLI	mdtD yegB b2077 JW2062
P75838	YCAO_ECOLI	ycaO b0905 JW0888
P10903	NARK_ECOLI	narK b1223 JW1214
P37903	USPF_ECOLI	uspF ynaF yzzL b1376 JW1370
P75933	FLGA_ECOLI	flgA b1072 JW1059
P30847	BAES_ECOLI	baeS b2078 JW2063
P0AAG5	MDLB_ECOLI	mdlB mdl b0449 JW5061
P0AES4	GYRA_ECOLI	gyrA hisW nalA parD b2231 JW2225
P11458	NADA_ECOLI	nadA nicA b0750 JW0733
P37749	WBBI_ECOLI	wbbI yefG b2034 JW2019
P0A8V2	RPOB_ECOLI	rpoB groN nitB rif ron stl stv tabD b3987 JW3950
P0AF26	NARJ_ECOLI	narJ b1226 JW1217
P0AFH2	OPPB_ECOLI	oppB b1244 JW1236
P0ACE7	HINT_ECOLI	hinT ycfF b1103 JW1089
P10408	SECA_ECOLI	secA azi pea prlD b0098 JW0096
P45394	YRBG_ECOLI	yrbG b3196 JW3163
P0A6L4	NANA_ECOLI	nanA npl b3225 JW3194
P36938	PGM_ECOLI	pgm b0688 JW0675
P69425	TATB_ECOLI	tatB mttA2 ysgB b3838 JW5580
P75810	YBJJ_ECOLI	ybjJ b0845 JW0829
P0AEN4	FTSL_ECOLI	ftsL mraR yabD b0083 JW0081
P27840	YIGE_ECOLI	yigE b4482 JW5591
P04816	LIVK_ECOLI	livK b3458 JW3423
P25396	TEHA_ECOLI	tehA b1429 JW1425
P0AAS0	YLAC_ECOLI	ylaC b0458 JW5063
P77330	BORD_ECOLI	borD ybcU b0557 JW0546
P0AAT9	YBEL_ECOLI	ybeL b0643 JW0638
P0A7A7	PLSB_ECOLI	plsB b4041 JW4001
P0ABX8	FLIL_ECOLI	fliL cheC1 fla AI fla QI b1944 JW1928
P0AEG4	DSBA_ECOLI	dsbA dsf ppfA b3860 JW3832
P0AGJ2	TRMH_ECOLI	trmH spoU b3651 JW3626
P0C8J8	GATZ_ECOLI	gatZ b2095 JW2082
P06999	PFKB_ECOLI	pfkB b1723 JW5280
P0A9Y6	CSPC_ECOLI	cspC msmB b1823 JW1812
P76630	YGAZ_ECOLI	ygaZ b2682 JW2657
P0AFK6	POTC_ECOLI	potC b1124 JW1110
P0ACC7	GLMU_ECOLI	glmU yieA b3730 JW3708
P02925	RBSB_ECOLI	rbsB prlB rbsP b3751 JW3730
P77589	MHPT_ECOLI	mhpT yaiK b0353 JW5046
P32681	YJAH_ECOLI	yjaH b4001 JW3965
P02931	OMPF_ECOLI	ompF cmlB coa cry tolF b0929 JW0912
P0AFF6	NUSA_ECOLI	nusA b3169 JW3138
P0ACL0	GLPR_ECOLI	glpR b3423 JW3386
P63235	GADC_ECOLI	gadC acsA xasA b1492 JW1487
P0AA53	QMCA_ECOLI	qmcA ybbK b0489 JW0478
P0AEE1	DCRB_ECOLI	dcrB yhhR b3472 JW5682
P17169	GLMS_ECOLI	glmS b3729 JW3707
P0AFJ5	PHOB_ECOLI	phoB b0399 JW0389
P77368	YBCL_ECOLI	ybcL b0545 JW0533
P39173	YEAD_ECOLI	yeaD yzzQ b1780 JW1769
P07604	TYRR_ECOLI	tyrR b1323 JW1316
P23839	YICC_ECOLI	yicC b3644 JW3619
Q46909	YGCS_ECOLI	ygcS b2771 JW5845
P31679	YAAU_ECOLI	yaaU yabE b0045 JW0044
P76111	YDCZ_ECOLI	ydcZ b1447 JW1442
P32712	NRFG_ECOLI	nrfG yjcN b4076 JW4037
P18956	GGT_ECOLI	ggt b3447 JW3412
P0A9S5	GLDA_ECOLI	gldA b3945 JW5556
P0ADE8	YGFZ_ECOLI	ygfZ yzzW b2898 JW2866
P25527	GABP_ECOLI	gabP b2663 JW2638
P0ACF8	HNS_ECOLI	hns bglY cur drdX hnsA msyA osmZ pilG topS b1237 JW1225
P27247	PLSX_ECOLI	plsX b1090 JW5156
P0DMC7	RCSB_ECOLI	rcsB b2217 JW2205
P0AG27	YIBN_ECOLI	yibN b3611 JW3586
P0AFV2	YHID_ECOLI	yhiD yhhE b3508 JW5670
P31133	POTF_ECOLI	potF b0854 JW0838
P64574	YGHW_ECOLI	yghW b2998 JW2966
P75769	YBHM_ECOLI	ybhM b0787 JW0770
P06149	DLD_ECOLI	dld b2133 JW2121
P0A8R7	YCJF_ECOLI	ycjF b1322 JW1315
P0ABG4	FTSW_ECOLI	ftsW b0089 JW0087
P0ABK5	CYSK_ECOLI	cysK cysZ b2414 JW2407
P31063	YEDD_ECOLI	yedD b1928 JW1913
P0A7H0	RECF_ECOLI	recF uvrF b3700 JW3677
P76014	DHAL_ECOLI	dhaL ycgS b1199 JW5186
P09373	PFLB_ECOLI	pflB pfl b0903 JW0886
P30845	EPTA_ECOLI	eptA pmrC yjdB b4114 JW5730
P30750	METN_ECOLI	metN abc b0199 JW0195
P07021	YFIB_ECOLI	yfiB b2605 JW2586
P0A6V1	GLGC_ECOLI	glgC b3430 JW3393
P0AG93	SECF_ECOLI	secF b0409 JW0399
P0ABF8	PGSA_ECOLI	pgsA b1912 JW1897
P37659	BCSG_ECOLI	bcsG yhjU b3538 JW3506
P21893	RECJ_ECOLI	recJ b2892 JW2860
P11289	YFIL_ECOLI	yfiL b2602 JW5412
P26266	FEPE_ECOLI	fepE b0587 JW0579
P0AFM2	PROX_ECOLI	proX proU b2679 JW2654
P0AGB6	RPOE_ECOLI	rpoE sigE b2573 JW2557
P63389	YHES_ECOLI	yheS b3352 JW3315
P33231	LLDP_ECOLI	lldP lctP b3603 JW3578
P0AEZ1	METF_ECOLI	metF b3941 JW3913
P00936	CYAA_ECOLI	cyaA cya b3806 JW3778
P37648	YHJJ_ECOLI	yhjJ b3527 JW3495
P76182	RSXD_ECOLI	rsxD rnfD ydgO b1630 JW1622
P64585	YQJE_ECOLI	yqjE b3099 JW3070
P41441	GSPF_ECOLI	gspF hofF hopF b3327 JW3289
P0A6Q6	FABZ_ECOLI	fabZ sefA yaeA b0180 JW0175
P0AC05	FLIP_ECOLI	fliP flaR b1948 JW1932
P13482	TREA_ECOLI	treA osmA b1197 JW1186
P32715	MDTO_ECOLI	mdtO yjcQ b4081 JW4042
P0AAC4	YBHL_ECOLI	ybhL b0786 JW0769
P0AEL0	FDOI_ECOLI	fdoI b3892 JW3863
P17846	CYSI_ECOLI	cysI b2763 JW2733
P06616	ERA_ECOLI	era rbaA sdgE b2566 JW2550
P37050	YADN_ECOLI	yadN b0141 JW0137
P52108	RSTA_ECOLI	rstA urpT b1608 JW1600
P62620	ISPG_ECOLI	ispG gcpE b2515 JW2499
P64596	YRAP_ECOLI	yraP b3150 JW3119
P11286	YIAB_ECOLI	yiaB b3563 JW5654
P0ABM9	CCMH_ECOLI	ccmH yejP b2194 JW2182
P32689	YJBH_ECOLI	yjbH b4029 JW3989
P76172	YNFD_ECOLI	ynfD b1586 JW5259
P23890	CADC_ECOLI	cadC b4133 JW4094
P08201	NIRB_ECOLI	nirB b3365 JW3328
P0ABT2	DPS_ECOLI	dps pexB vtm b0812 JW0797
P77328	YBBY_ECOLI	ybbY glxB4 b0513 JW0501
P33341	YEHB_ECOLI	yehB b2109 JW2096
P0A6F3	GLPK_ECOLI	glpK b3926 JW3897
P27306	STHA_ECOLI	sthA sth udhA b3962 JW5551
P60293	MUKF_ECOLI	mukF kicB b0922 JW0905
P15047	ENTA_ECOLI	entA b0596 JW0588
P16429	HYCC_ECOLI	hycC hevC b2723 JW2693
P30855	EVGS_ECOLI	evgS b2370 JW2367
P02920	LACY_ECOLI	lacY b0343 JW0334
P0AEK2	FABG_ECOLI	fabG b1093 JW1079
P0A6H1	CLPX_ECOLI	clpX lopC b0438 JW0428
Q47622	SAPA_ECOLI	sapA b1294 JW1287
P13518	CSRD_ECOLI	csrD yhdA b3252 JW3221
P33650	FEOB_ECOLI	feoB b3409 JW3372
P76090	YNBA_ECOLI	ynbA b1408 JW1405
P45546	YHFT_ECOLI	yhfT b3377 JW3340
P77672	LSRC_ECOLI	lsrC ydeY b1514 JW1507
P0AA43	RSUA_ECOLI	rsuA yejD b2183 JW2171
P31979	NUOF_ECOLI	nuoF b2284 JW2279
P0A786	PYRB_ECOLI	pyrB b4245 JW4204
P09835	UHPB_ECOLI	uhpB b3668 JW3643
P43329	HRPA_ECOLI	hrpA b1413 JW5905
P31119	AAS_ECOLI	aas b2836 JW2804
P37650	BCSC_ECOLI	bcsC yhjL b3530 JW5942
P76268	KDGR_ECOLI	kdgR yebP b1827 JW1816
P23847	DPPA_ECOLI	dppA b3544 JW3513
P0ABD5	ACCA_ECOLI	accA b0185 JW0180
P19318	NARY_ECOLI	narY b1467 JW1462
P0ABA4	ATPD_ECOLI	atpH papE uncH b3735 JW3713
P33232	LLDD_ECOLI	lldD lctD b3605 JW3580
P42915	YRAJ_ECOLI	yraJ b3144 JW3113
P0AAG0	DPPD_ECOLI	dppD b3541 JW3510
P75821	YBJS_ECOLI	ybjS b0868 JW5819
P0AG86	SECB_ECOLI	secB b3609 JW3584
P76299	FLHB_ECOLI	flhB yecQ b1880 JW1869
P0A799	PGK_ECOLI	pgk b2926 JW2893
P0A908	MIPA_ECOLI	mipA yeaF b1782 JW1771
P0AGI1	RBSC_ECOLI	rbsC b3750 JW3729
P0ADK8	YIBL_ECOLI	yibL b3602 JW3577
P37690	ENVC_ECOLI	envC yibP b3613 JW5646
P0AEZ3	MIND_ECOLI	minD b1175 JW1164
P25665	METE_ECOLI	metE b3829 JW3805
P14175	PROV_ECOLI	proV b2677 JW2652
P39451	ADHP_ECOLI	adhP yddN b1478 JW1474
P52005	TORY_ECOLI	torY yecK b1873 JW1862
P0A972	CSPE_ECOLI	cspE gicA msmC b0623 JW0618
P0AEC8	DCUS_ECOLI	dcuS yjdH b4125 JW4086
P64536	YEIS_ECOLI	yeiS b2145 JW5359
P0A710	YCIB_ECOLI	yciB ispZ b1254 JW1246
P77619	YFEW_ECOLI	yfeW pbp4B b2430 JW5395
P46125	YEDI_ECOLI	yedI b1958 JW1941
P77265	MDLA_ECOLI	mdlA mdl b0448 JW0438
P21503	YCAD_ECOLI	ycaD b0898 JW0881
P0AFX9	RSEB_ECOLI	rseB b2571 JW2555
P05055	PNP_ECOLI	pnp b3164 JW5851
P00579	RPOD_ECOLI	rpoD alt b3067 JW3039
P0A6P5	DER_ECOLI	der engA yfgK b2511 JW5403
P75835	YCAM_ECOLI	ycaM b0899 JW5119
P0A948	RIMJ_ECOLI	rimJ b1066 JW1053
P0AGH5	SAPC_ECOLI	sapC b1292 JW1285
P75892	RUTG_ECOLI	rutG ycdG b1006 JW5137
P0AFA7	NHAB_ECOLI	nhaB b1186 JW1175
P29013	YCGB_ECOLI	ycgB b1188 JW1177
P02930	TOLC_ECOLI	tolC colE1-i mtcB mukA refI toc weeA b3035 JW5503
P0AF43	YJBB_ECOLI	yjbB b4020 JW3980
P39407	YJJU_ECOLI	yjjU b4377 JW4340
P75954	YCFS_ECOLI	ycfS b1113 JW5820
P76230	YDJK_ECOLI	ydjK b1775 JW5290
P0ADS2	ZAPA_ECOLI	zapA ygfE b2910 JW2878
P0AEX9	MALE_ECOLI	malE b4034 JW3994
P0A9G6	ACEA_ECOLI	aceA icl b4015 JW3975
P0A8H6	YIHI_ECOLI	yihI b3866 JW3837
P0A8J4	YBED_ECOLI	ybeD b0631 JW0626
P28249	ASMA_ECOLI	asmA yegA b2064 JW2049
P64622	YHDV_ECOLI	yhdV b3267 JW3235
P63883	AMIC_ECOLI	amiC ygdN b2817 JW5449
P16676	CYSA_ECOLI	cysA b2422 JW2415
P76193	YNHG_ECOLI	ynhG b1678 JW1668
P33218	YEBE_ECOLI	yebE b1846 JW1835
P0AFH8	OSMY_ECOLI	osmY b4376 JW4338
P75796	GSIA_ECOLI	gsiA yliA b0829 JW5897
Q46834	YGHF_ECOLI	yghF b2970 JW5484
P24251	CRL_ECOLI	crl b0240 JW0230
P76198	YDIN_ECOLI	ydiN b1691 JW5274
P46122	YAJI_ECOLI	yajI b0412 JW5056
P33602	NUOG_ECOLI	nuoG b2283 JW2278
P31224	ACRB_ECOLI	acrB acrE b0462 JW0451
P77485	CUSS_ECOLI	cusS ybcZ b0570 JW5082
P0ABD3	BFR_ECOLI	bfr b3336 JW3298
Q46829	BGLA_ECOLI	bglA bglD yqfC b2901 JW2869
P0A6Y8	DNAK_ECOLI	dnaK groP grpF seg b0014 JW0013
P67127	YGDQ_ECOLI	ygdQ b2832 JW2800
P27303	EMRA_ECOLI	emrA b2685 JW2660
P22106	ASNB_ECOLI	asnB b0674 JW0660
P0A6Z1	HSCA_ECOLI	hscA hsc b2526 JW2510
P52636	YCCM_ECOLI	yccM b0992 JW0977
P77318	YDEN_ECOLI	ydeN b1498 JW5243
P77400	YBAT_ECOLI	ybaT b0486 JW0475
P0ADM4	YIDQ_ECOLI	yidQ b3688 JW5633
P77795	YDCT_ECOLI	ydcT b1441 JW1436
P0AFH6	OPPC_ECOLI	oppC b1245 JW1237
P0AE06	ACRA_ECOLI	acrA lir mtcA b0463 JW0452
P52067	FSR_ECOLI	fsr b0479 JW0468
P75851	SSUC_ECOLI	ssuC ycbM b0934 JW5121
P0ABA6	ATPG_ECOLI	atpG papC uncG b3733 JW3711
P24203	YJIA_ECOLI	yjiA b4352 JW5790
P66817	DIAA_ECOLI	diaA yraO b3149 JW3118
Q47706	UIDC_ECOLI	uidC gusC b1615 JW1607
P46889	FTSK_ECOLI	ftsK b0890 JW0873
P61889	MDH_ECOLI	mdh b3236 JW3205
P0A901	BLC_ECOLI	blc yjeL b4149 JW4110
P69210	MDTI_ECOLI	mdtI ydgE b1599 JW1591
P76399	MDTC_ECOLI	mdtC yegO b2076 JW2061
P0A8E7	YAJQ_ECOLI	yajQ b0426 JW5058
P00804	LSPA_ECOLI	lspA lsp b0027 JW0025
P07862	DDLB_ECOLI	ddlB ddl b0092 JW0090
P0AFU0	YEJB_ECOLI	yejB b2178 JW2166
P08622	DNAJ_ECOLI	dnaJ groP b0015 JW0014
P0A6P9	ENO_ECOLI	eno b2779 JW2750
P0ACQ4	OXYR_ECOLI	oxyR momR mor b3961 JW3933
P31677	OTSA_ECOLI	otsA b1896 JW5312
P09372	GRPE_ECOLI	grpE b2614 JW2594
P0A924	PGPB_ECOLI	pgpB b1278 JW1270
P76350	SHIA_ECOLI	shiA yeeM b1981 JW1962
P75882	GFCD_ECOLI	gfcD ymcA b0984 JW0967
P0A7Y0	RNC_ECOLI	rnc b2567 JW2551
P26647	PLSC_ECOLI	plsC parF b3018 JW2986
P0AD68	FTSI_ECOLI	ftsI pbpB b0084 JW0082
P0A6U8	GLGA_ECOLI	glgA b3429 JW3392
P29018	CYDD_ECOLI	cydD htrD b0887 JW0870
P0AA73	YHBE_ECOLI	yhbE b3184 JW3151
P0AEL6	FEPB_ECOLI	fepB b0592 JW0584
P0A6J5	DADA_ECOLI	dadA dadR b1189 JW1178
P0AEQ3	GLNH_ECOLI	glnH b0811 JW0796
P64448	YNBE_ECOLI	ynbE b1382 JW1377
P0A6Z3	HTPG_ECOLI	htpG b0473 JW0462
P60869	YBJL_ECOLI	ybjL b0847 JW0831
P37747	GLF_ECOLI	glf yefE b2036 JW2021
P39342	YJGR_ECOLI	yjgR b4263 JW4220
P02929	TONB_ECOLI	tonB exbA b1252 JW5195
P33363	BGLX_ECOLI	bglX yohA b2132 JW2120
P75749	YBGP_ECOLI	ybgP b0717 JW0707
P0AAH8	SAPF_ECOLI	sapF b1290 JW1283
P0AEJ6	EUTB_ECOLI	eutB b2441 JW2434
P76146	YNEE_ECOLI	yneE b1520 JW5245
P0AD03	YEBS_ECOLI	yebS b1833 JW1822
P0ABP3	DCUC_ECOLI	dcuC b0621 JW0613/JW0616
P77228	YDFJ_ECOLI	ydfJ b1543 JW1536 b4600
P0AFM6	PSPA_ECOLI	pspA b1304 JW1297
P43672	UUP_ECOLI	uup ycbH ycbI b0949 JW0932
P0AG82	PSTS_ECOLI	pstS phoS b3728 JW3706
P0A905	SLYB_ECOLI	slyB b1641 JW1633
P0AE95	CSGE_ECOLI	csgE b1039 JW1022
P0AES9	HDEA_ECOLI	hdeA yhhC yhiB b3510 JW3478
P0ABJ3	CYOC_ECOLI	cyoC b0430 JW0420
P0AAB6	GALF_ECOLI	galF wcaN b2042 JW2027
P25888	RHLE_ECOLI	rhlE b0797 JW0781
P65292	YGDI_ECOLI	ygdI b2809 JW5448
P15993	AROP_ECOLI	aroP b0112 JW0108
P0A769	MNTH_ECOLI	mntH yfeP b2392 JW2388
P0AFY6	SBMA_ECOLI	sbmA b0377 JW0368
P0AG34	RHTB_ECOLI	rhtB yigK b3824 JW5585
P64429	YPFJ_ECOLI	ypfJ b2475 JW2460
P0AER8	GLTS_ECOLI	gltS gltC b3653 JW3628
P0A780	NUSB_ECOLI	nusB groNB ssyB b0416 JW0406
P0A6E6	ATPE_ECOLI	atpC papG uncC b3731 JW3709
P25746	HFLD_ECOLI	hflD ycfC b1132 JW5165
P37689	GPMI_ECOLI	gpmI pgmI yibO b3612 JW3587
P46923	TORZ_ECOLI	torZ bisZ b1872 JW1861
P0ADB1	OSME_ECOLI	osmE anr b1739 JW1728
P39838	RCSD_ECOLI	rcsD yojN yojP yojQ b2216 JW2204
P02943	LAMB_ECOLI	lamB malB b4036 JW3996
P0A6X7	IHFA_ECOLI	ihfA hid himA b1712 JW1702
P13656	CHIA_ECOLI	chiA yheB b3338 JW3300
Q2M7R5	YIBT_ECOLI	yibT b4554 JW3576
P0A763	NDK_ECOLI	ndk b2518 JW2502
P0A8Q0	FRDC_ECOLI	frdC b4152 JW4113
P31120	GLMM_ECOLI	glmM mrsA yhbF b3176 JW3143
P09394	GLPQ_ECOLI	glpQ b2239 JW2233
P0AEK4	FABI_ECOLI	fabI envM b1288 JW1281
Q47536	YAIP_ECOLI	yaiP b0363 JW0355
P0AE82	CPXA_ECOLI	cpxA ecfB eup ssd b3911 JW3882
P75757	ZITB_ECOLI	zitB ybgR b0752 JW0735
P43667	YGAH_ECOLI	ygaH b2683 JW2658
P39264	FIMI_ECOLI	fimI b4315 JW5779
P69874	POTA_ECOLI	potA b1126 JW1112
P0AFC3	NUOA_ECOLI	nuoA b2288 JW2283
P06971	FHUA_ECOLI	fhuA tonA b0150 JW0146
P0AEF8	DPPB_ECOLI	dppB b3543 JW3512
P76297	FLHE_ECOLI	flhE b1878 JW1867
P0A836	SUCC_ECOLI	sucC b0728 JW0717
P76352	YEEO_ECOLI	yeeO b1985 JW1965
P37765	RLUB_ECOLI	rluB yciL b1269 JW1261
P0ABC3	HFLC_ECOLI	hflC hflA b4175 JW4133
P12998	BIOF_ECOLI	bioF b0776 JW0759
P45469	YRAR_ECOLI	yraR b3152 JW5528
P23721	SERC_ECOLI	serC pdxC pdxF b0907 JW0890
P0A8V0	RBN_ECOLI	rbn elaC rnz b2268 JW2263
P23886	CYDC_ECOLI	cydC mdrA mdrH surB b0886 JW0869
P0ADI9	YHHN_ECOLI	yhhN b3468 JW3433
P76197	YDIM_ECOLI	ydiM b1690 JW1680
P31064	YEDE_ECOLI	yedE b1929 JW1914
P39338	YJGN_ECOLI	yjgN b4257 JW5759
P0A912	PAL_ECOLI	pal excC b0741 JW0731
P0C0L7	PROP_ECOLI	proP b4111 JW4072
P75728	UBIF_ECOLI	ubiF yleB b0662 JW0659
P04693	TYRB_ECOLI	tyrB b4054 JW4014
P07117	PUTP_ECOLI	putP b1015 JW1001
P08192	FOLC_ECOLI	folC dedC b2315 JW2312
P0A9M8	PTA_ECOLI	pta b2297 JW2294
P0ABN5	DCUA_ECOLI	dcuA genA b4138 JW5735
P36767	RDGC_ECOLI	rdgC yaiD b0393 JW0384
P0ABW5	SFMA_ECOLI	sfmA b0530 JW0519
P22333	ADD_ECOLI	add b1623 JW1615
P33135	FLIR_ECOLI	fliR flaP b1950 JW1934
P0A812	RUVB_ECOLI	ruvB b1860 JW1849
P33342	YEHC_ECOLI	yehC b2110 JW2097
P0A850	TIG_ECOLI	tig b0436 JW0426
P69432	PGAD_ECOLI	pgaD ycdP b1021 JW1006
P13033	GLPB_ECOLI	glpB b2242 JW2236
P31678	OTSB_ECOLI	otsB b1897 JW1886
P45470	YHBO_ECOLI	yhbO b3153 JW5529
P23909	MUTS_ECOLI	mutS fdv b2733 JW2703
P31549	THIP_ECOLI	thiP yabK b0067 JW0066
P39832	ZNUB_ECOLI	znuB yebI b1859 JW1848
P0AF32	NARV_ECOLI	narV b1465 JW1460
P75949	NAGZ_ECOLI	nagZ ycfO b1107 JW1093
P0A9A6	FTSZ_ECOLI	ftsZ sfiB sulB b0095 JW0093
P0ADR2	YGDD_ECOLI	ygdD b2807 JW2778
P17952	MURC_ECOLI	murC b0091 JW0089
P21507	SRMB_ECOLI	srmB rbaB rhlA b2576 JW2560
P0C054	IBPA_ECOLI	ibpA hslT htpN b3687 JW3664
P02924	ARAF_ECOLI	araF b1901 JW1889
P0A870	TALB_ECOLI	talB yaaK b0008 JW0007
P45848	YCIQ_ECOLI	yciQ yciP b1268 JW5197
P0AFL3	PPIA_ECOLI	ppiA rot rotA b3363 JW3326
P35340	AHPF_ECOLI	ahpF b0606 JW0599
P76316	DCYD_ECOLI	dcyD yedO b1919 JW5313
P69856	NANC_ECOLI	nanC yjhA b4311 JW5778
P04846	NLPA_ECOLI	nlpA b3661 JW3635
P0A9Q5	ACCD_ECOLI	accD dedB usg b2316 JW2313
P0AES6	GYRB_ECOLI	gyrB acrB cou himB hisU nalC parA pcbA b3699 JW5625
P77718	THII_ECOLI	thiI yajK b0423 JW0413
P27843	YIGG_ECOLI	yigG b3818 JW5590
P26459	APPC_ECOLI	appC cbdA cyxA b0978 JW0960
P77425	ALLC_ECOLI	allC glxB7 ylbB b0516 JW0504
P60778	TSGA_ECOLI	tsgA gutS yhfC yhfH b3364 JW3327
P64471	YDHI_ECOLI	ydhI b1643 JW1635
P0DMC5	RCSC_ECOLI	rcsC b2218 JW5917/JW5920
P77726	YAJR_ECOLI	yajR b0427 JW5059
P0A7C2	LEXA_ECOLI	lexA exrA spr tsl umuA b4043 JW4003
P0A698	UVRA_ECOLI	uvrA dinE b4058 JW4019
P33941	YOJI_ECOLI	yojI yojJ b2211 JW2199
P0A6X3	HFQ_ECOLI	hfq b4172 JW4130
P27126	RFAS_ECOLI	rfaS b3629 JW3604
P0A917	OMPX_ECOLI	ompX ybiG b0814 JW0799
P76308	YECR_ECOLI	yecR b1904 JW1892
P15030	FECC_ECOLI	fecC b4289 JW4249
P45537	YHFK_ECOLI	yhfK b3358 JW5701
P37661	EPTB_ECOLI	eptB yhjW b3546 JW5660
P69367	MDTH_ECOLI	mdtH yceL b1065 JW1052
P33219	YEBF_ECOLI	yebF b1847 JW1836
P0A9Q7	ADHE_ECOLI	adhE ana b1241 JW1228
P0A915	OMPW_ECOLI	ompW yciD b1256 JW1248
P14081	SELB_ECOLI	selB fdhA b3590 JW3563
P13669	MNGR_ECOLI	mngR farR g30 ybgB b0730 JW0719
P45804	YHGE_ECOLI	yhgE b3402 JW3365
P37751	WBBK_ECOLI	wbbK yefI b2032 JW2017
P77179	RSXE_ECOLI	rsxE rnfE ydgQ b1632 JW1624
P77499	SUFC_ECOLI	sufC ynhD b1682 JW1672
P25519	HFLX_ECOLI	hflX b4173 JW4131
P0AE88	CPXR_ECOLI	cpxR yiiA b3912 JW3883
P00893	ILVI_ECOLI	ilvI b0077 JW0076
P0AC30	FTSX_ECOLI	ftsX ftsS b3462 JW3427
P0ADA3	NLPD_ECOLI	nlpD b2742 JW2712
P30850	RNB_ECOLI	rnb b1286 JW1279
P77504	YBBP_ECOLI	ybbP b0496 JW0485
P08390	USG_ECOLI	usg b2319 JW2316
P07024	USHA_ECOLI	ushA b0480 JW0469
P75783	YBIO_ECOLI	ybiO b0808 JW5108
P37662	YHJX_ECOLI	yhjX b3547 JW3516
P37626	YHII_ECOLI	yhiI b3487 JW3454
P0ACJ8	CRP_ECOLI	crp cap csm b3357 JW5702
P0ACB7	HEMY_ECOLI	hemY b3802 JW3774
P77285	RSXG_ECOLI	rsxG rnfG ydgP b1631 JW1623
P0AFI2	PARC_ECOLI	parC b3019 JW2987
P05459	PDXB_ECOLI	pdxB b2320 JW2317
P21645	LPXD_ECOLI	lpxD firA omsA b0179 JW0174
P07913	TDH_ECOLI	tdh b3616 JW3591
P39384	YJIM_ECOLI	yjiM b4335 JW5786
P0AD96	LIVJ_ECOLI	livJ b3460 JW3425
P25741	RFAP_ECOLI	rfaP waaP b3630 JW3605
P0AG84	YGHA_ECOLI	yghA b3003 JW2972
P0ABJ9	CYDA_ECOLI	cydA cyd-1 b0733 JW0722
P0AFK4	POTB_ECOLI	potB b1125 JW1111
P76417	YEGT_ECOLI	yegT b2098 JW2085
P24252	YBGA_ECOLI	ybgA b0707 JW0697
P19934	TOLA_ECOLI	tolA cim excC lky b0739 JW0729
P0ABJ6	CYOD_ECOLI	cyoD b0429 JW0419
P0AFS5	TQSA_ECOLI	tqsA ydgG b1601 JW1593
Q06067	ATOS_ECOLI	atoS b2219 JW2213
P31069	KCH_ECOLI	kch b1250 JW1242
P54901	CSIE_ECOLI	csiE b2535 JW5878
P0AAC6	YCCA_ECOLI	yccA b0970 JW0953
P0AEC3	ARCB_ECOLI	arcB b3210 JW5536
P0A6D7	AROK_ECOLI	aroK b3390 JW5947
P76186	YDHK_ECOLI	ydhK b1645 JW1637
P0A8E1	YCFP_ECOLI	ycfP b1108 JW5158
P37630	YHIM_ECOLI	yhiM b3491 JW5944
P08401	CREC_ECOLI	creC phoM b4399 JW4362
P77463	DDPC_ECOLI	ddpC yddQ b1485 JW1480
P27835	WZYE_ECOLI	wzyE wzy b3793 JW3769
P38054	CUSA_ECOLI	cusA ybdE b0575 JW0564
P77202	DSBG_ECOLI	dsbG ybdP b0604 JW0597
P0AD19	YOHK_ECOLI	yohK b2142 JW2130
P10907	UGPC_ECOLI	ugpC b3450 JW3415
P42590	YGJI_ECOLI	ygjI b3078 JW5512
P76536	YFEX_ECOLI	yfeX b2431 JW2424
P42640	YHBX_ECOLI	yhbX b3173 JW5534
P0AEE3	DEGS_ECOLI	degS hhoB htrH b3235 JW3204
P0AAF1	POTE_ECOLI	potE b0692 JW0679
P0AEI1	MIAB_ECOLI	miaB yleA b0661 JW0658
P77671	ALLB_ECOLI	allB glxB3 ybbX b0512 JW0500
P0AG90	SECD_ECOLI	secD b0408 JW0398
P13024	FDHE_ECOLI	fdhE b3891 JW3862
P11551	FUCP_ECOLI	fucP b2801 JW2772
P67153	YQFA_ECOLI	yqfA b2899 JW2867
P39356	YJHU_ECOLI	yjhU b4295 JW5952
P77488	DXS_ECOLI	dxs yajP b0420 JW0410
P0A8S1	ARGP_ECOLI	argP iciA b2916 JW2883
P60716	LIPA_ECOLI	lipA lip b0628 JW0623
P0ABP8	DEOD_ECOLI	deoD pup b4384 JW4347
P09424	MTLD_ECOLI	mtlD b3600 JW3574
P37643	YHJE_ECOLI	yhjE b3523 JW3491
P76402	YEGP_ECOLI	yegP b2080 JW5339
P75750	YBGQ_ECOLI	ybgQ b0718 JW5099
P24554	RADA_ECOLI	radA sms b4389 JW4352
P0A8W2	SLYA_ECOLI	slyA b1642 JW5267
P75806	YBJG_ECOLI	ybjG b0841 JW5112
P0AEX7	LIVH_ECOLI	livH b3457 JW3422
P0ACP7	PURR_ECOLI	purR b1658 JW1650
P0A8W8	YFBU_ECOLI	yfbU b2294 JW2291
P20083	PARE_ECOLI	parE nfxD b3030 JW2998
P76228	YNJI_ECOLI	ynjI b1762 JW5288
P31802	NARP_ECOLI	narP b2193 JW2181
P25714	YIDC_ECOLI	yidC b3705 JW3683
P24182	ACCC_ECOLI	accC fabG b3256 JW3224
P0C0S1	MSCS_ECOLI	mscS yggB b2924 JW2891
P77748	YDIJ_ECOLI	ydiJ b1687 JW1677
P05825	FEPA_ECOLI	fepA fep feuB b0584 JW5086
P37018	YADM_ECOLI	yadM b0138 JW0134
P18390	YJJA_ECOLI	yjjA b4360 JW5795
P0AGF6	TDCB_ECOLI	tdcB b3117 JW3088
P0ABI8	CYOB_ECOLI	cyoB b0431 JW0421
P75958	LOLE_ECOLI	lolE ycfW b1118 JW1104
P08400	PHOR_ECOLI	phoR nmpB b0400 JW0390
P0AAH0	PSTB_ECOLI	pstB phoT b3725 JW3703
P15977	MALQ_ECOLI	malQ malA b3416 JW3379
P22729	LIVM_ECOLI	livM b3456 JW3421
P0ABF6	CDD_ECOLI	cdd b2143 JW2131
P0AFJ7	PITA_ECOLI	pitA pit b3493 JW3460
P39379	YJIH_ECOLI	yjiH b4330 JW5783
P19926	AGP_ECOLI	agp b1002 JW0987
P61316	LOLA_ECOLI	lolA lplA yzzV b0891 JW0874
P0A6K6	DEOB_ECOLI	deoB drm thyR b4383 JW4346
P0AD65	MRDA_ECOLI	mrdA pbpA b0635 JW0630
P0ADS6	YGGE_ECOLI	yggE b2922 JW2889
P33129	HTRE_ECOLI	htrE b0139 JW0135
P0A6W5	GREA_ECOLI	greA b3181 JW3148
P0ACB0	DNAB_ECOLI	dnaB groP grpA b4052 JW4012
P77611	RSXC_ECOLI	rsxC rnfC ydgN b1629 JW1621
P0AEF0	DNAC_ECOLI	dnaC dnaD b4361 JW4325
P0AA67	RHTA_ECOLI	rhtA ybiF b0813 JW0798
P0AEG1	DPPC_ECOLI	dppC b3542 JW3511
P0AEB5	YNAI_ECOLI	ynaI b1330 JW1323
P03819	KEFC_ECOLI	kefC trkC b0047 JW0046
P0A8M6	YEEX_ECOLI	yeeX b2007 JW1989
P0ACW2	YDBJ_ECOLI	ydbJ b4529 JW5215
P0AG99	SECG_ECOLI	secG b3175 JW3142
P39344	IDNT_ECOLI	idnT gntW yjgT b4265 JW4222
P0AEY1	MARC_ECOLI	marC ydeB ydeC b1529 JW1522
P0ADA7	OSMB_ECOLI	osmB b1283 JW1275
P25743	YCHE_ECOLI	ychE b1242 JW1229
P0AG20	RELA_ECOLI	relA b2784 JW2755
P69853	DMSD_ECOLI	dmsD ynfI b1591 JW5262
Q46845	YGHU_ECOLI	yghU b2989 JW5492
P0A9F3	CYSB_ECOLI	cysB b1275 JW1267
P00946	MANA_ECOLI	manA pmi b1613 JW1605
P0AGM2	YICG_ECOLI	yicG b3646 JW3621
P0AB14	YCCJ_ECOLI	yccJ b1003 JW0988
P0AEC0	YOAE_ECOLI	yoaE b1816 JW1805
P75830	MACA_ECOLI	macA ybjY b0878 JW0862
P64592	YHAI_ECOLI	yhaI b3104 JW3075
P37652	BCSB_ECOLI	bcsB yhjN b3532 JW3500
P37636	MDTE_ECOLI	mdtE yhiU b3513 JW3481
P24173	RFAC_ECOLI	rfaC rfa-2 waaC yibC b3621 JW3596
P0A8K1	PSD_ECOLI	psd b4160 JW4121
P0A953	FABB_ECOLI	fabB fabC b2323 JW2320
P0AG00	WZZE_ECOLI	wzzE wzz yifC b3785 JW5601
P36561	COBS_ECOLI	cobS b1992 JW1970
P30859	ARTI_ECOLI	artI b0863 JW0847
P60061	ADIC_ECOLI	adiC aniC yjdD yjdE b4115 JW4076
P0AGH3	SAPB_ECOLI	sapB b1293 JW1286
P0AEP3	GALU_ECOLI	galU ychD b1236 JW1224
P77173	ZIPA_ECOLI	zipA b2412 JW2404
P0AFP0	YADS_ECOLI	yadS b0157 JW0153
P60651	SPEB_ECOLI	speB b2937 JW2904
P33591	NIKB_ECOLI	nikB b3477 JW3442
P0AE34	ARTQ_ECOLI	artQ b0862 JW0846
P77416	HYFD_ECOLI	hyfD b2484 JW2469
P06972	FHUB_ECOLI	fhuB b0153 JW0149
P10121	FTSY_ECOLI	ftsY b3464 JW3429
P39365	SGCC_ECOLI	sgcC yjhN b4304 JW4266
P76128	DDPA_ECOLI	ddpA yddS b1487 JW5240
P31473	RAVA_ECOLI	ravA yieN b3746 JW3725
P76249	LEUE_ECOLI	leuE yeaS b1798 JW1787
P0AFR9	YDCV_ECOLI	ydcV b1443 JW1438
P75798	GSIC_ECOLI	gsiC yliC b0831 JW0815
P78067	YNJE_ECOLI	ynjE b1757 JW5287
P60752	MSBA_ECOLI	msbA b0914 JW0897
P0ABF1	PCNB_ECOLI	pcnB b0143 JW5808
P37327	YFDC_ECOLI	yfdC b2347 JW2344
P67762	YHBP_ECOLI	yhbP b3154 JW3123
P0AC07	FLIQ_ECOLI	fliQ flaQ b1949 JW1933
P03841	MALM_ECOLI	malM molA b4037 JW3997
P15005	MCRB_ECOLI	mcrB rglB b4346 JW5871
P0A6A3	ACKA_ECOLI	ackA ack b2296 JW2293
P0ABV2	EXBD_ECOLI	exbD b3005 JW2973
P0A6B7	ISCS_ECOLI	iscS nuvC yfhO yzzO b2530 JW2514
P0ABC7	HFLK_ECOLI	hflK hflA b4174 JW4132
P33927	CCMF_ECOLI	ccmF yejR b2196 JW2184
P0A7F3	PYRI_ECOLI	pyrI b4244 JW4203
P08194	GLPT_ECOLI	glpT b2240 JW2234
P37313	DPPF_ECOLI	dppF dppE b3540 JW3509
P02932	PHOE_ECOLI	phoE ompE b0241 JW0231
P08395	SPPA_ECOLI	sppA b1766 JW1755
P21170	SPEA_ECOLI	speA b2938 JW2905
P69490	CCME_ECOLI	ccmE yejS b2197 JW2185
P69428	TATA_ECOLI	tatA mttA1 yigT b3836 JW3813
P0AET8	HDHA_ECOLI	hdhA hsdH b1619 JW1611
P0ABK9	NRFA_ECOLI	nrfA b4070 JW4031
P77389	YDHP_ECOLI	ydhP b1657 JW1649
P77294	YDER_ECOLI	ydeR b1503 JW1497
P0ACY3	YEAG_ECOLI	yeaG b1783 JW1772
P77733	FOCB_ECOLI	focB b2492 JW2477
P0AGE0	SSB_ECOLI	ssb exrB lexC b4059 JW4020
P0AB91	AROG_ECOLI	aroG b0754 JW0737
P14176	PROW_ECOLI	proW b2678 JW2653
P34749	HOFQ_ECOLI	hofQ hopQ b3391 JW3354
P0AAI5	FABF_ECOLI	fabF fabJ b1095 JW1081
P0AGG0	THIL_ECOLI	thiL b0417 JW0407
P76185	YDHJ_ECOLI	ydhJ b1644 JW1636
P0AFI7	PDXH_ECOLI	pdxH b1638 JW1630
P0A6W3	MRAY_ECOLI	mraY murX b0087 JW0085
P33590	NIKA_ECOLI	nikA b3476 JW3441
P07001	PNTA_ECOLI	pntA b1603 JW1595
P23837	PHOQ_ECOLI	phoQ b1129 JW1115
P13009	METH_ECOLI	metH b4019 JW3979
P75777	YBHG_ECOLI	ybhG b0795 JW0779
P76361	YEER_ECOLI	yeeR b2001 JW1983
P0A8I3	YAAA_ECOLI	yaaA b0006 JW0005
P36649	CUEO_ECOLI	cueO yacK b0123 JW0119
P0AAJ3	FDNH_ECOLI	fdnH b1475 JW1471
P0A932	GFCE_ECOLI	gfcE yccZ b0983 JW0966
P39453	TORS_ECOLI	torS yccI b0993 JW5135
P27300	LPXK_ECOLI	lpxK ycaH b0915 JW0898
P37342	YJJI_ECOLI	yjjI yjjH b4380 JW4343
P32136	YIHO_ECOLI	yihO b3876 JW5852
P0AAD8	TDCC_ECOLI	tdcC b3116 JW3087
P0ADN2	YIFE_ECOLI	yifE b3764 JW3737
P28303	DINF_ECOLI	dinF b4044 JW4004
P22256	GABT_ECOLI	gabT b2662 JW2637
P0ADM0	YIDH_ECOLI	yidH b3676 JW3652
P0A800	RPOZ_ECOLI	rpoZ b3649 JW3624
P0AAA9	ZRAP_ECOLI	zraP yjaI zra b4002 JW5546
P45768	YHDY_ECOLI	yhdY b3270 JW5545
P0A6R3	FIS_ECOLI	fis b3261 JW3229
P43674	YCAL_ECOLI	ycaL b0909 JW0892
P76015	DHAK_ECOLI	dhaK ycgT b1200 JW5187
P0C960	EMTA_ECOLI	emtA mltE sltZ ycgP b1193 JW5821
P75797	GSIB_ECOLI	gsiB yliB b0830 JW5111
P76347	YEEJ_ECOLI	yeeJ b1978 JW5833
P36683	ACNB_ECOLI	acnB yacI yacJ b0118 JW0114
P00393	NDH_ECOLI	ndh b1109 JW1095
P11350	NARI_ECOLI	narI chlI b1227 JW1218
P32135	YIHN_ECOLI	yihN b3874 JW3845
P0A8A0	YEBC_ECOLI	yebC b1864 JW1853
Q46839	GLCA_ECOLI	glcA yghK b2975 JW2942
Q46916	GUDP_ECOLI	gudP ygcZ b2789 JW2760
